{"cameraMode":{"drawMode":0,"name":"Shaded","section":"Shading Mode"},"sceneLighting":true,"audioPlay":false,"sceneViewState":{"m_AlwaysRefresh":false,"showFog":true,"showSkybox":true,"showFlares":true,"showImageEffects":true,"showParticleSystems":true,"showVisualEffectGraphs":true,"m_FxEnabled":true},"in2DMode":false,"pivot":{"x":-3.2483577728271486,"y":0.26170897483825686,"z":-4.876504421234131},"rotation":{"x":-0.10834106057882309,"y":0.6418870687484741,"z":-0.09229602664709091,"w":-0.7534754872322083},"size":6.607396125793457,"orthographic":false}